<?xml version = '1.0' encoding = 'UTF-8'?>
<SegmentOraclev10g class="oracle.dbtools.crest.model.design.storage.oracle.v10g.SegmentOraclev10g" name="Storage23" directorySegmentName="seg_0" id="30A551B3-EE57-6B9B-FF69-DE821D0F069D">
<createdBy>duarte</createdBy>
<createdTime>2023-03-18 16:52:39 UTC</createdTime>
<ownerDesignName>dataModelerDesignSQL21c</ownerDesignName>
<initrans>2</initrans>
<maxTrans>255</maxTrans>
<scInitialExtent>65536</scInitialExtent>
<scMaxExtents>2147483645</scMaxExtents>
<scNextExtent>1048576</scNextExtent>
</SegmentOraclev10g>