<?xml version = '1.0' encoding = 'UTF-8'?>
<TableProxyOraclev20c class="oracle.dbtools.crest.model.design.storage.oracle.v20c.TableProxyOraclev20c" name="CLIENT_STATUS" directorySegmentName="seg_0" id="0C13C820-4842-461C-9FEE-A22F085B734E">
<createdBy>duarte</createdBy>
<createdTime>2023-03-18 16:52:37 UTC</createdTime>
<ownerDesignName>dataModelerDesignSQL21c</ownerDesignName>
<schemaObject>C52E648C-C853-A179-77E4-7B8885A66D72</schemaObject>
<logging>YES</logging>
<partitionedRowMovement>DISABLE</partitionedRowMovement>
<segment>4979FD65-B2E3-296D-5847-62A21B2BFE98</segment>
<tableSpace>3613DFFE-8703-E044-57D3-7E8E88D53632</tableSpace>
<temporaryChanged>false</temporaryChanged>
<accessDriverType>oracle_loader</accessDriverType>
<rejectLimit></rejectLimit>
<inMemory>NO</inMemory>
<columnProxies itemClass="oracle.dbtools.crest.model.design.storage.oracle.v12c.ColumnProxyOraclev12c">
<ColumnProxy name="ID_CLIENT_STATUS" id="3373951B-0F72-B5D7-6215-84B92F13F4F4">
<createdBy>duarte</createdBy>
<createdTime>2023-03-18 16:52:37 UTC</createdTime>
<ownerDesignName>dataModelerDesignSQL21c</ownerDesignName>
<autoIncrementDDL>IDENTITY_CLAUSE</autoIncrementDDL>
</ColumnProxy>
<ColumnProxy name="DELETED" id="B7F86A0A-B13B-4F9F-FCFA-EA9CFF2F6986">
<createdBy>duarte</createdBy>
<createdTime>2023-03-18 16:52:37 UTC</createdTime>
<ownerDesignName>dataModelerDesignSQL21c</ownerDesignName>
<defaultValue>0</defaultValue>
</ColumnProxy>
<ColumnProxy name="CREATION_DATE" id="DE96D798-DAB5-2A58-77ED-FCD7B4BE2320">
<createdBy>duarte</createdBy>
<createdTime>2023-03-18 16:52:37 UTC</createdTime>
<ownerDesignName>dataModelerDesignSQL21c</ownerDesignName>
<defaultValue>SYSDATE</defaultValue>
</ColumnProxy>
<ColumnProxy name="NAME" id="F4F7D944-8C0C-35B6-CA6E-1C2B79ABD725">
<createdBy>duarte</createdBy>
<createdTime>2023-03-18 16:52:37 UTC</createdTime>
<ownerDesignName>dataModelerDesignSQL21c</ownerDesignName>
</ColumnProxy>
</columnProxies>
<indexProxies>
<IndexProxy class="oracle.dbtools.crest.model.design.storage.oracle.v10g.IndexProxyOraclev10g" name="IDX_CLIENT_STATUS_NAME" id="13ABBFA0-0803-E58F-80DC-A60F1DE6BCE9">
<createdBy>duarte</createdBy>
<createdTime>2023-03-18 16:52:41 UTC</createdTime>
<ownerDesignName>dataModelerDesignSQL21c</ownerDesignName>
<schemaObject>C52E648C-C853-A179-77E4-7B8885A66D72</schemaObject>
<segment>30A551B3-EE57-6B9B-FF69-DE821D0F069D</segment>
<tableSpace>3613DFFE-8703-E044-57D3-7E8E88D53632</tableSpace>
</IndexProxy>
</indexProxies>
<primaryKeys>
<PrimaryKey class="oracle.dbtools.crest.model.design.storage.oracle.v10g.PKProxyOraclev10g" name="CLIENT_STATUS_PK" id="5A1E8801-0A8D-2E09-2168-58FAB379502A">
<createdBy>duarte</createdBy>
<createdTime>2023-03-18 16:52:41 UTC</createdTime>
<ownerDesignName>dataModelerDesignSQL21c</ownerDesignName>
<schemaObject>C52E648C-C853-A179-77E4-7B8885A66D72</schemaObject>
<segment>30A551B3-EE57-6B9B-FF69-DE821D0F069D</segment>
<tableSpace>3613DFFE-8703-E044-57D3-7E8E88D53632</tableSpace>
<indexSegment>30A551B3-EE57-6B9B-FF69-DE821D0F069D</indexSegment>
<indexSort>SORTED</indexSort>
<usingIndex>BY INDEX NAME</usingIndex>
</PrimaryKey>
</primaryKeys>
</TableProxyOraclev20c>