<?xml version = '1.0' encoding = 'UTF-8'?>
<TableProxyOraclev20c class="oracle.dbtools.crest.model.design.storage.oracle.v20c.TableProxyOraclev20c" name="CALL_STATUS_TYPE" directorySegmentName="seg_0" id="8624F88D-F58B-B9D1-63EC-467F4EA7E166">
<createdBy>duarte</createdBy>
<createdTime>2023-03-18 16:52:37 UTC</createdTime>
<ownerDesignName>dataModelerDesignSQL21c</ownerDesignName>
<schemaObject>C52E648C-C853-A179-77E4-7B8885A66D72</schemaObject>
<logging>YES</logging>
<partitionedRowMovement>DISABLE</partitionedRowMovement>
<segment>4979FD65-B2E3-296D-5847-62A21B2BFE98</segment>
<tableSpace>3613DFFE-8703-E044-57D3-7E8E88D53632</tableSpace>
<temporaryChanged>false</temporaryChanged>
<accessDriverType>oracle_loader</accessDriverType>
<rejectLimit></rejectLimit>
<inMemory>NO</inMemory>
<columnProxies itemClass="oracle.dbtools.crest.model.design.storage.oracle.v12c.ColumnProxyOraclev12c">
<ColumnProxy name="NAME" id="4891BE9E-34BB-19D0-8E1F-61C6FF3F3401">
<createdBy>duarte</createdBy>
<createdTime>2023-03-18 16:52:37 UTC</createdTime>
<ownerDesignName>dataModelerDesignSQL21c</ownerDesignName>
</ColumnProxy>
<ColumnProxy name="ID_CALL_STATUS_TYPE" id="681A5152-276E-60B0-22AD-6FE131307B92">
<createdBy>duarte</createdBy>
<createdTime>2023-03-18 16:52:37 UTC</createdTime>
<ownerDesignName>dataModelerDesignSQL21c</ownerDesignName>
<autoIncrementDDL>IDENTITY_CLAUSE</autoIncrementDDL>
</ColumnProxy>
<ColumnProxy name="CREATION_DATE" id="958E577F-82A1-595F-C195-792B4917DE66">
<createdBy>duarte</createdBy>
<createdTime>2023-03-18 16:52:37 UTC</createdTime>
<ownerDesignName>dataModelerDesignSQL21c</ownerDesignName>
<defaultValue>SYSDATE</defaultValue>
</ColumnProxy>
<ColumnProxy name="DELETED" id="C207182B-6FA6-E0B3-C1EF-0958E863BB79">
<createdBy>duarte</createdBy>
<createdTime>2023-03-18 16:52:37 UTC</createdTime>
<ownerDesignName>dataModelerDesignSQL21c</ownerDesignName>
<defaultValue>0</defaultValue>
</ColumnProxy>
</columnProxies>
<primaryKeys>
<PrimaryKey class="oracle.dbtools.crest.model.design.storage.oracle.v10g.PKProxyOraclev10g" name="CALL_STATUS_TYPE_PK" id="AED1DDD0-DCB4-4D62-C1F7-98E513FCC105">
<createdBy>duarte</createdBy>
<createdTime>2023-03-18 16:52:41 UTC</createdTime>
<ownerDesignName>dataModelerDesignSQL21c</ownerDesignName>
<schemaObject>C52E648C-C853-A179-77E4-7B8885A66D72</schemaObject>
<segment>30A551B3-EE57-6B9B-FF69-DE821D0F069D</segment>
<tableSpace>3613DFFE-8703-E044-57D3-7E8E88D53632</tableSpace>
<indexSegment>30A551B3-EE57-6B9B-FF69-DE821D0F069D</indexSegment>
<indexSort>SORTED</indexSort>
<usingIndex>BY INDEX NAME</usingIndex>
</PrimaryKey>
</primaryKeys>
</TableProxyOraclev20c>