<?xml version = '1.0' encoding = 'UTF-8'?>
<TableProxyOraclev20c class="oracle.dbtools.crest.model.design.storage.oracle.v20c.TableProxyOraclev20c" name="CLIENT" directorySegmentName="seg_0" id="F1DB4BEE-7F3A-2151-A2C1-571DD64C1C91">
<createdBy>duarte</createdBy>
<createdTime>2023-03-18 16:52:37 UTC</createdTime>
<ownerDesignName>dataModelerDesignSQL21c</ownerDesignName>
<schemaObject>C52E648C-C853-A179-77E4-7B8885A66D72</schemaObject>
<logging>YES</logging>
<partitionedRowMovement>DISABLE</partitionedRowMovement>
<segment>4979FD65-B2E3-296D-5847-62A21B2BFE98</segment>
<tableSpace>3613DFFE-8703-E044-57D3-7E8E88D53632</tableSpace>
<temporaryChanged>false</temporaryChanged>
<accessDriverType>oracle_loader</accessDriverType>
<rejectLimit></rejectLimit>
<inMemory>NO</inMemory>
<columnProxies itemClass="oracle.dbtools.crest.model.design.storage.oracle.v12c.ColumnProxyOraclev12c">
<ColumnProxy name="ID_STATUS_TYPE" id="11201124-6A47-6A5E-129E-CD03E4580D45">
<createdBy>duarte</createdBy>
<createdTime>2023-03-18 16:52:37 UTC</createdTime>
<ownerDesignName>dataModelerDesignSQL21c</ownerDesignName>
</ColumnProxy>
<ColumnProxy name="CREATION_DATE" id="3D0EAD7C-F19B-D2BC-C33B-3191F1182C6B">
<createdBy>duarte</createdBy>
<createdTime>2023-03-18 16:52:37 UTC</createdTime>
<ownerDesignName>dataModelerDesignSQL21c</ownerDesignName>
<defaultValue>SYSDATE</defaultValue>
</ColumnProxy>
<ColumnProxy name="MODIFICATION_DATE" id="3DD16414-A0F5-8308-1CF9-E4FCDE24D5C8">
<createdBy>duarte</createdBy>
<createdTime>2023-03-18 16:52:37 UTC</createdTime>
<ownerDesignName>dataModelerDesignSQL21c</ownerDesignName>
<defaultValue>SYSDATE</defaultValue>
</ColumnProxy>
<ColumnProxy name="NIF" id="3FE3B0CF-7172-F3CF-E8CD-DA1F51D3A848">
<createdBy>duarte</createdBy>
<createdTime>2023-03-18 16:52:37 UTC</createdTime>
<ownerDesignName>dataModelerDesignSQL21c</ownerDesignName>
</ColumnProxy>
<ColumnProxy name="DELETED" id="425000F9-60AC-B93F-F08F-B81A83249A09">
<createdBy>duarte</createdBy>
<createdTime>2023-03-18 16:52:37 UTC</createdTime>
<ownerDesignName>dataModelerDesignSQL21c</ownerDesignName>
<defaultValue>0</defaultValue>
</ColumnProxy>
<ColumnProxy name="FULL_NAME" id="80FE5CFB-2CDA-F287-497C-45DFA2382987">
<createdBy>duarte</createdBy>
<createdTime>2023-03-18 16:52:37 UTC</createdTime>
<ownerDesignName>dataModelerDesignSQL21c</ownerDesignName>
</ColumnProxy>
<ColumnProxy name="ID_CLIENT" id="8E7FCC8A-21C9-EFED-095A-C161F605D2FF">
<createdBy>duarte</createdBy>
<createdTime>2023-03-18 16:52:37 UTC</createdTime>
<ownerDesignName>dataModelerDesignSQL21c</ownerDesignName>
<autoIncrementDDL>IDENTITY_CLAUSE</autoIncrementDDL>
</ColumnProxy>
<ColumnProxy name="BALANCE" id="A02BAB49-7643-1055-448D-3761D95C42DE">
<createdBy>duarte</createdBy>
<createdTime>2023-03-18 16:52:37 UTC</createdTime>
<ownerDesignName>dataModelerDesignSQL21c</ownerDesignName>
</ColumnProxy>
<ColumnProxy name="PHONE_NUMBER_NORMALIZED" id="F11FD43D-AA38-E1DD-D7EA-1D35E9CED7FD">
<createdBy>duarte</createdBy>
<createdTime>2023-03-18 16:52:37 UTC</createdTime>
<ownerDesignName>dataModelerDesignSQL21c</ownerDesignName>
</ColumnProxy>
<ColumnProxy name="PHONE_NUMBER" id="F30AF216-97BD-9C9C-8A69-528E32EC8DC7">
<createdBy>duarte</createdBy>
<createdTime>2023-03-18 16:52:37 UTC</createdTime>
<ownerDesignName>dataModelerDesignSQL21c</ownerDesignName>
</ColumnProxy>
</columnProxies>
<indexProxies>
<IndexProxy class="oracle.dbtools.crest.model.design.storage.oracle.v10g.IndexProxyOraclev10g" name="IDX_CLIENT_PHONE_NUMBER" id="6C9C99FB-ED5B-8E48-F287-BA1F373C7B81">
<createdBy>duarte</createdBy>
<createdTime>2023-03-18 16:52:41 UTC</createdTime>
<ownerDesignName>dataModelerDesignSQL21c</ownerDesignName>
<schemaObject>C52E648C-C853-A179-77E4-7B8885A66D72</schemaObject>
<segment>30A551B3-EE57-6B9B-FF69-DE821D0F069D</segment>
<tableSpace>3613DFFE-8703-E044-57D3-7E8E88D53632</tableSpace>
</IndexProxy>
<IndexProxy class="oracle.dbtools.crest.model.design.storage.oracle.v10g.IndexProxyOraclev10g" name="IDX_CLIENT_ID_STATUS_TYPE" id="70960F31-69DA-3996-1172-73110CE3F17C">
<createdBy>duarte</createdBy>
<createdTime>2023-03-18 16:52:41 UTC</createdTime>
<ownerDesignName>dataModelerDesignSQL21c</ownerDesignName>
<schemaObject>C52E648C-C853-A179-77E4-7B8885A66D72</schemaObject>
<segment>30A551B3-EE57-6B9B-FF69-DE821D0F069D</segment>
<tableSpace>3613DFFE-8703-E044-57D3-7E8E88D53632</tableSpace>
</IndexProxy>
<IndexProxy class="oracle.dbtools.crest.model.design.storage.oracle.v10g.IndexProxyOraclev10g" name="IDX_CLIENT_FULL_NAME" id="7905E89D-1571-D534-2BD5-084A5712F89A">
<createdBy>duarte</createdBy>
<createdTime>2023-03-18 16:52:41 UTC</createdTime>
<ownerDesignName>dataModelerDesignSQL21c</ownerDesignName>
<schemaObject>C52E648C-C853-A179-77E4-7B8885A66D72</schemaObject>
<segment>30A551B3-EE57-6B9B-FF69-DE821D0F069D</segment>
<tableSpace>3613DFFE-8703-E044-57D3-7E8E88D53632</tableSpace>
</IndexProxy>
<IndexProxy class="oracle.dbtools.crest.model.design.storage.oracle.v10g.IndexProxyOraclev10g" name="IDX_CLIENT_PHONE_NUMBER_NORMALIZED" id="C4851FC1-1A0B-F184-3677-1FC1A0FFBF47">
<createdBy>duarte</createdBy>
<createdTime>2023-03-18 16:52:41 UTC</createdTime>
<ownerDesignName>dataModelerDesignSQL21c</ownerDesignName>
<schemaObject>C52E648C-C853-A179-77E4-7B8885A66D72</schemaObject>
<segment>30A551B3-EE57-6B9B-FF69-DE821D0F069D</segment>
<tableSpace>3613DFFE-8703-E044-57D3-7E8E88D53632</tableSpace>
</IndexProxy>
</indexProxies>
<foreignKeys>
<ForeignKey class="oracle.dbtools.crest.model.design.storage.oracle.v10g.FKProxyOraclev10g" name="CLIENT_ID_STATUS_TYPE" id="7C38F6C8-48DE-268F-942B-1293D6C44E8C">
<createdBy>duarte</createdBy>
<createdTime>2023-03-18 16:52:42 UTC</createdTime>
<ownerDesignName>dataModelerDesignSQL21c</ownerDesignName>
</ForeignKey>
</foreignKeys>
<primaryKeys>
<PrimaryKey class="oracle.dbtools.crest.model.design.storage.oracle.v10g.PKProxyOraclev10g" name="CLIENT_PK" id="CBC0F279-0FF4-57A6-E13E-A9D3AC600F53">
<createdBy>duarte</createdBy>
<createdTime>2023-03-18 16:52:41 UTC</createdTime>
<ownerDesignName>dataModelerDesignSQL21c</ownerDesignName>
<schemaObject>C52E648C-C853-A179-77E4-7B8885A66D72</schemaObject>
<segment>30A551B3-EE57-6B9B-FF69-DE821D0F069D</segment>
<tableSpace>3613DFFE-8703-E044-57D3-7E8E88D53632</tableSpace>
<indexSegment>30A551B3-EE57-6B9B-FF69-DE821D0F069D</indexSegment>
<indexSort>SORTED</indexSort>
<usingIndex>BY INDEX NAME</usingIndex>
</PrimaryKey>
</primaryKeys>
</TableProxyOraclev20c>