<?xml version = '1.0' encoding = 'UTF-8'?>
<Table class="oracle.dbtools.crest.model.design.relational.Table" directorySegmentName="seg_0" id="22208933-EF74-695B-587B-81396DCF28A6" schemaObject="C52E648C-C853-A179-77E4-7B8885A66D72" name="PLAN_TARRIF">
<sourceConnName>ANONYMOUS - LOCALHOST</sourceConnName>
<sourceObjSchema>ANONYMOUS</sourceObjSchema>
<sourceObjName>PLAN_TARRIF</sourceObjName>
<createdBy>duarte</createdBy>
<createdTime>2023-03-18 16:52:37 UTC</createdTime>
<ownerDesignName>dataModelerDesignSQL21c</ownerDesignName>
<allowColumnReorder>false</allowColumnReorder>
<existDependencyGenerateInDDl>true</existDependencyGenerateInDDl>
<parsed>true</parsed>
<columns itemClass="oracle.dbtools.crest.model.design.relational.Column">
<Column name="ID_PLAN_TARRIF" id="DDE20015-CFF7-4C0F-1F1E-F49D77FD2B69">
<sourceConnName>ANONYMOUS - LOCALHOST</sourceConnName>
<sourceObjSchema>PLAN_TARRIF</sourceObjSchema>
<sourceObjName>ID_PLAN_TARRIF</sourceObjName>
<createdBy>duarte</createdBy>
<createdTime>2023-03-18 16:52:37 UTC</createdTime>
<ownerDesignName>dataModelerDesignSQL21c</ownerDesignName>
<useDomainConstraints>false</useDomainConstraints>
<use>1</use>
<logicalDatatype>LOGDT019</logicalDatatype>
<dataTypePrecision>10</dataTypePrecision>
<dataTypeScale>0</dataTypeScale>
<ownDataTypeParameters>,10,0</ownDataTypeParameters>
<autoIncrementColumn>true</autoIncrementColumn>
<identityColumn>true</identityColumn>
<autoIncrementGenerateAlways>true</autoIncrementGenerateAlways>
<autoIncrementCycle>false</autoIncrementCycle>
<autoIncrementDisableCache>false</autoIncrementDisableCache>
<autoIncrementCache>20</autoIncrementCache>
<autoIncrementOrder>false</autoIncrementOrder>
</Column>
<Column name="ID_PLAN" id="8DF71E42-2BD0-82C9-320E-A77935DB53EB">
<sourceConnName>ANONYMOUS - LOCALHOST</sourceConnName>
<sourceObjSchema>PLAN_TARRIF</sourceObjSchema>
<sourceObjName>ID_PLAN</sourceObjName>
<createdBy>duarte</createdBy>
<createdTime>2023-03-18 16:52:37 UTC</createdTime>
<ownerDesignName>dataModelerDesignSQL21c</ownerDesignName>
<nullsAllowed>true</nullsAllowed>
<useDomainConstraints>false</useDomainConstraints>
<use>1</use>
<logicalDatatype>LOGDT019</logicalDatatype>
<dataTypePrecision>10</dataTypePrecision>
<dataTypeScale>0</dataTypeScale>
<ownDataTypeParameters>,10,0</ownDataTypeParameters>
<autoIncrementCycle>false</autoIncrementCycle>
<associations>
<colAssociation fkAssociation="0A49F9F1-8B66-56A2-E0E6-4839CCC820AB" referredColumn="5DCDE056-DFBE-DB98-2452-50C196D3F56C"/>
</associations>
</Column>
<Column name="ID_TARRIF" id="1C827D3F-F4A7-BA5A-D849-5629AF3BFCCB">
<sourceConnName>ANONYMOUS - LOCALHOST</sourceConnName>
<sourceObjSchema>PLAN_TARRIF</sourceObjSchema>
<sourceObjName>ID_TARRIF</sourceObjName>
<createdBy>duarte</createdBy>
<createdTime>2023-03-18 16:52:37 UTC</createdTime>
<ownerDesignName>dataModelerDesignSQL21c</ownerDesignName>
<nullsAllowed>true</nullsAllowed>
<useDomainConstraints>false</useDomainConstraints>
<use>1</use>
<logicalDatatype>LOGDT019</logicalDatatype>
<dataTypePrecision>10</dataTypePrecision>
<dataTypeScale>0</dataTypeScale>
<ownDataTypeParameters>,10,0</ownDataTypeParameters>
<autoIncrementCycle>false</autoIncrementCycle>
<associations>
<colAssociation fkAssociation="A91495F4-4961-ADE3-C65A-871053C8D616" referredColumn="8331FDE4-564D-7498-913C-2386957867B8"/>
</associations>
</Column>
<Column name="DELETED" id="FDB3FF3D-DB42-AFBE-489F-80156265ABD6">
<sourceConnName>ANONYMOUS - LOCALHOST</sourceConnName>
<sourceObjSchema>PLAN_TARRIF</sourceObjSchema>
<sourceObjName>DELETED</sourceObjName>
<createdBy>duarte</createdBy>
<createdTime>2023-03-18 16:52:37 UTC</createdTime>
<ownerDesignName>dataModelerDesignSQL21c</ownerDesignName>
<nullsAllowed>true</nullsAllowed>
<useDomainConstraints>false</useDomainConstraints>
<use>1</use>
<logicalDatatype>LOGDT019</logicalDatatype>
<dataTypePrecision>1</dataTypePrecision>
<dataTypeScale>0</dataTypeScale>
<defaultValue>0</defaultValue>
<ownDataTypeParameters>,1,0</ownDataTypeParameters>
<autoIncrementCycle>false</autoIncrementCycle>
</Column>
</columns>
<indexes itemClass="oracle.dbtools.crest.model.design.relational.Index">
<ind_PK_UK id="D46837FF-6176-5E09-A49C-D2240991D37F" schemaObject="C52E648C-C853-A179-77E4-7B8885A66D72" name="PLAN_TARRIF_PK">
<sourceConnName>ANONYMOUS - LOCALHOST</sourceConnName>
<sourceObjSchema>ANONYMOUS</sourceObjSchema>
<sourceObjName>SYS_C008530</sourceObjName>
<createdBy>duarte</createdBy>
<createdTime>2023-03-18 16:52:41 UTC</createdTime>
<ownerDesignName>dataModelerDesignSQL21c</ownerDesignName>
<pk>true</pk>
<indexState>Primary Constraint</indexState>
<isSurrogateKey>false</isSurrogateKey>
<indexColumnUsage>
<colUsage columnID="DDE20015-CFF7-4C0F-1F1E-F49D77FD2B69"/>
</indexColumnUsage>
</ind_PK_UK>
<ind_PK_UK id="E44B4165-5255-A35D-16B8-5C9A2F6D8E13" schemaObject="C52E648C-C853-A179-77E4-7B8885A66D72" name="IDX_PLAN_TARRIF_ID_PLAN">
<sourceConnName>ANONYMOUS - LOCALHOST</sourceConnName>
<sourceObjSchema>ANONYMOUS</sourceObjSchema>
<sourceObjName>IDX_PLAN_TARRIF_ID_PLAN</sourceObjName>
<createdBy>duarte</createdBy>
<createdTime>2023-03-18 16:52:41 UTC</createdTime>
<ownerDesignName>dataModelerDesignSQL21c</ownerDesignName>
<isSurrogateKey>false</isSurrogateKey>
<indexColumnUsage>
<colUsage columnID="8DF71E42-2BD0-82C9-320E-A77935DB53EB"/>
</indexColumnUsage>
</ind_PK_UK>
<ind_PK_UK id="6A8B5C85-B4FB-A156-8560-0E8F9DF315CF" schemaObject="C52E648C-C853-A179-77E4-7B8885A66D72" name="IDX_PLAN_TARRIF_ID_TARRIF">
<sourceConnName>ANONYMOUS - LOCALHOST</sourceConnName>
<sourceObjSchema>ANONYMOUS</sourceObjSchema>
<sourceObjName>IDX_PLAN_TARRIF_ID_TARRIF</sourceObjName>
<createdBy>duarte</createdBy>
<createdTime>2023-03-18 16:52:41 UTC</createdTime>
<ownerDesignName>dataModelerDesignSQL21c</ownerDesignName>
<isSurrogateKey>false</isSurrogateKey>
<indexColumnUsage>
<colUsage columnID="1C827D3F-F4A7-BA5A-D849-5629AF3BFCCB"/>
</indexColumnUsage>
</ind_PK_UK>
<ind_PK_UK id="52B99C70-4D23-4519-E1B4-97B261E717AC" name="FK_PLAN_TARRIF_ID_PLAN">
<createdBy>duarte</createdBy>
<createdTime>2023-03-18 16:52:42 UTC</createdTime>
<ownerDesignName>dataModelerDesignSQL21c</ownerDesignName>
<indexState>Foreign Key</indexState>
<isSurrogateKey>false</isSurrogateKey>
<indexColumnUsage>
<colUsage columnID="8DF71E42-2BD0-82C9-320E-A77935DB53EB"/>
</indexColumnUsage>
</ind_PK_UK>
<ind_PK_UK id="73A9A4F5-8907-5F12-F8F5-6AECFB5A3C55" name="FK_PLAN_TARRIF_ID_TARRIF">
<createdBy>duarte</createdBy>
<createdTime>2023-03-18 16:52:42 UTC</createdTime>
<ownerDesignName>dataModelerDesignSQL21c</ownerDesignName>
<indexState>Foreign Key</indexState>
<isSurrogateKey>false</isSurrogateKey>
<indexColumnUsage>
<colUsage columnID="1C827D3F-F4A7-BA5A-D849-5629AF3BFCCB"/>
</indexColumnUsage>
</ind_PK_UK>
</indexes>
</Table>