<?xml version = '1.0' encoding = 'UTF-8'?>
<Table class="oracle.dbtools.crest.model.design.relational.Table" directorySegmentName="seg_0" id="8624F88D-F58B-B9D1-63EC-467F4EA7E166" schemaObject="C52E648C-C853-A179-77E4-7B8885A66D72" name="CALL_STATUS_TYPE">
<sourceConnName>ANONYMOUS - LOCALHOST</sourceConnName>
<sourceObjSchema>ANONYMOUS</sourceObjSchema>
<sourceObjName>CALL_STATUS_TYPE</sourceObjName>
<createdBy>duarte</createdBy>
<createdTime>2023-03-18 16:52:37 UTC</createdTime>
<ownerDesignName>dataModelerDesignSQL21c</ownerDesignName>
<allowColumnReorder>false</allowColumnReorder>
<existDependencyGenerateInDDl>true</existDependencyGenerateInDDl>
<parsed>true</parsed>
<columns itemClass="oracle.dbtools.crest.model.design.relational.Column">
<Column name="ID_CALL_STATUS_TYPE" id="681A5152-276E-60B0-22AD-6FE131307B92">
<sourceConnName>ANONYMOUS - LOCALHOST</sourceConnName>
<sourceObjSchema>CALL_STATUS_TYPE</sourceObjSchema>
<sourceObjName>ID_CALL_STATUS_TYPE</sourceObjName>
<createdBy>duarte</createdBy>
<createdTime>2023-03-18 16:52:37 UTC</createdTime>
<ownerDesignName>dataModelerDesignSQL21c</ownerDesignName>
<useDomainConstraints>false</useDomainConstraints>
<use>1</use>
<logicalDatatype>LOGDT019</logicalDatatype>
<dataTypePrecision>10</dataTypePrecision>
<dataTypeScale>0</dataTypeScale>
<ownDataTypeParameters>,10,0</ownDataTypeParameters>
<autoIncrementColumn>true</autoIncrementColumn>
<identityColumn>true</identityColumn>
<autoIncrementGenerateAlways>true</autoIncrementGenerateAlways>
<autoIncrementCycle>false</autoIncrementCycle>
<autoIncrementDisableCache>false</autoIncrementDisableCache>
<autoIncrementCache>20</autoIncrementCache>
<autoIncrementOrder>false</autoIncrementOrder>
</Column>
<Column name="NAME" id="4891BE9E-34BB-19D0-8E1F-61C6FF3F3401">
<sourceConnName>ANONYMOUS - LOCALHOST</sourceConnName>
<sourceObjSchema>CALL_STATUS_TYPE</sourceObjSchema>
<sourceObjName>NAME</sourceObjName>
<createdBy>duarte</createdBy>
<createdTime>2023-03-18 16:52:37 UTC</createdTime>
<ownerDesignName>dataModelerDesignSQL21c</ownerDesignName>
<nullsAllowed>true</nullsAllowed>
<useDomainConstraints>false</useDomainConstraints>
<use>1</use>
<logicalDatatype>LOGDT037</logicalDatatype>
<dataTypeSize>255</dataTypeSize>
<ownDataTypeParameters>255,,</ownDataTypeParameters>
<autoIncrementCycle>false</autoIncrementCycle>
</Column>
<Column name="CREATION_DATE" id="958E577F-82A1-595F-C195-792B4917DE66">
<sourceConnName>ANONYMOUS - LOCALHOST</sourceConnName>
<sourceObjSchema>CALL_STATUS_TYPE</sourceObjSchema>
<sourceObjName>CREATION_DATE</sourceObjName>
<createdBy>duarte</createdBy>
<createdTime>2023-03-18 16:52:37 UTC</createdTime>
<ownerDesignName>dataModelerDesignSQL21c</ownerDesignName>
<nullsAllowed>true</nullsAllowed>
<useDomainConstraints>false</useDomainConstraints>
<use>1</use>
<logicalDatatype>LOGDT007</logicalDatatype>
<dataTypeSize>7</dataTypeSize>
<defaultValue>SYSDATE</defaultValue>
<ownDataTypeParameters>7,,</ownDataTypeParameters>
<autoIncrementCycle>false</autoIncrementCycle>
</Column>
<Column name="DELETED" id="C207182B-6FA6-E0B3-C1EF-0958E863BB79">
<sourceConnName>ANONYMOUS - LOCALHOST</sourceConnName>
<sourceObjSchema>CALL_STATUS_TYPE</sourceObjSchema>
<sourceObjName>DELETED</sourceObjName>
<createdBy>duarte</createdBy>
<createdTime>2023-03-18 16:52:37 UTC</createdTime>
<ownerDesignName>dataModelerDesignSQL21c</ownerDesignName>
<nullsAllowed>true</nullsAllowed>
<useDomainConstraints>false</useDomainConstraints>
<use>1</use>
<logicalDatatype>LOGDT019</logicalDatatype>
<dataTypePrecision>1</dataTypePrecision>
<dataTypeScale>0</dataTypeScale>
<defaultValue>0</defaultValue>
<ownDataTypeParameters>,1,0</ownDataTypeParameters>
<autoIncrementCycle>false</autoIncrementCycle>
</Column>
</columns>
<indexes itemClass="oracle.dbtools.crest.model.design.relational.Index">
<ind_PK_UK id="AED1DDD0-DCB4-4D62-C1F7-98E513FCC105" schemaObject="C52E648C-C853-A179-77E4-7B8885A66D72" name="CALL_STATUS_TYPE_PK">
<sourceConnName>ANONYMOUS - LOCALHOST</sourceConnName>
<sourceObjSchema>ANONYMOUS</sourceObjSchema>
<sourceObjName>SYS_C008551</sourceObjName>
<createdBy>duarte</createdBy>
<createdTime>2023-03-18 16:52:41 UTC</createdTime>
<ownerDesignName>dataModelerDesignSQL21c</ownerDesignName>
<pk>true</pk>
<indexState>Primary Constraint</indexState>
<isSurrogateKey>false</isSurrogateKey>
<indexColumnUsage>
<colUsage columnID="681A5152-276E-60B0-22AD-6FE131307B92"/>
</indexColumnUsage>
</ind_PK_UK>
</indexes>
</Table>