<?xml version = '1.0' encoding = 'UTF-8'?>
<Table class="oracle.dbtools.crest.model.design.relational.Table" directorySegmentName="seg_0" id="ACDBE859-7A11-3CAD-42D4-9B18D50DAFF5" schemaObject="C52E648C-C853-A179-77E4-7B8885A66D72" name="CLIENT_CALL_HISTORY">
<sourceConnName>ANONYMOUS - LOCALHOST</sourceConnName>
<sourceObjSchema>ANONYMOUS</sourceObjSchema>
<sourceObjName>CLIENT_CALL_HISTORY</sourceObjName>
<createdBy>duarte</createdBy>
<createdTime>2023-03-18 16:52:37 UTC</createdTime>
<ownerDesignName>dataModelerDesignSQL21c</ownerDesignName>
<allowColumnReorder>false</allowColumnReorder>
<existDependencyGenerateInDDl>true</existDependencyGenerateInDDl>
<parsed>true</parsed>
<columns itemClass="oracle.dbtools.crest.model.design.relational.Column">
<Column name="ID_CALL_HISTORY" id="3A311F39-3302-B3AF-8CA3-909F0D7362F8">
<sourceConnName>ANONYMOUS - LOCALHOST</sourceConnName>
<sourceObjSchema>CLIENT_CALL_HISTORY</sourceObjSchema>
<sourceObjName>ID_CALL_HISTORY</sourceObjName>
<createdBy>duarte</createdBy>
<createdTime>2023-03-18 16:52:37 UTC</createdTime>
<ownerDesignName>dataModelerDesignSQL21c</ownerDesignName>
<useDomainConstraints>false</useDomainConstraints>
<use>1</use>
<logicalDatatype>LOGDT019</logicalDatatype>
<dataTypePrecision>10</dataTypePrecision>
<dataTypeScale>0</dataTypeScale>
<ownDataTypeParameters>,10,0</ownDataTypeParameters>
<autoIncrementColumn>true</autoIncrementColumn>
<identityColumn>true</identityColumn>
<autoIncrementGenerateAlways>true</autoIncrementGenerateAlways>
<autoIncrementCycle>false</autoIncrementCycle>
<autoIncrementDisableCache>false</autoIncrementDisableCache>
<autoIncrementCache>20</autoIncrementCache>
<autoIncrementOrder>false</autoIncrementOrder>
</Column>
<Column name="ID_CALL" id="74D05AD8-CC34-71E9-3272-1975DD0CA731">
<sourceConnName>ANONYMOUS - LOCALHOST</sourceConnName>
<sourceObjSchema>CLIENT_CALL_HISTORY</sourceObjSchema>
<sourceObjName>ID_CALL</sourceObjName>
<createdBy>duarte</createdBy>
<createdTime>2023-03-18 16:52:37 UTC</createdTime>
<ownerDesignName>dataModelerDesignSQL21c</ownerDesignName>
<nullsAllowed>true</nullsAllowed>
<useDomainConstraints>false</useDomainConstraints>
<use>1</use>
<logicalDatatype>LOGDT019</logicalDatatype>
<dataTypePrecision>10</dataTypePrecision>
<dataTypeScale>0</dataTypeScale>
<ownDataTypeParameters>,10,0</ownDataTypeParameters>
<autoIncrementCycle>false</autoIncrementCycle>
<associations>
<colAssociation fkAssociation="65681A87-91E1-1A17-8092-8386F58E1F3D" referredColumn="A97594EC-963A-F5F3-CD9B-A7B2CF7EEF5B"/>
</associations>
</Column>
<Column name="ID_STATUS_TYPE" id="94993A29-6566-84C7-D49E-273FBEECC230">
<sourceConnName>ANONYMOUS - LOCALHOST</sourceConnName>
<sourceObjSchema>CLIENT_CALL_HISTORY</sourceObjSchema>
<sourceObjName>ID_STATUS_TYPE</sourceObjName>
<createdBy>duarte</createdBy>
<createdTime>2023-03-18 16:52:37 UTC</createdTime>
<ownerDesignName>dataModelerDesignSQL21c</ownerDesignName>
<nullsAllowed>true</nullsAllowed>
<useDomainConstraints>false</useDomainConstraints>
<use>1</use>
<logicalDatatype>LOGDT019</logicalDatatype>
<dataTypePrecision>10</dataTypePrecision>
<dataTypeScale>0</dataTypeScale>
<ownDataTypeParameters>,10,0</ownDataTypeParameters>
<autoIncrementCycle>false</autoIncrementCycle>
<associations>
<colAssociation fkAssociation="B6C6991E-1074-E446-87A8-F8ECDB4AE9A4" referredColumn="681A5152-276E-60B0-22AD-6FE131307B92"/>
</associations>
</Column>
<Column name="CALL_ACCEPTED" id="FDD645D6-AB53-8395-E89F-0447DB22E062">
<sourceConnName>ANONYMOUS - LOCALHOST</sourceConnName>
<sourceObjSchema>CLIENT_CALL_HISTORY</sourceObjSchema>
<sourceObjName>CALL_ACCEPTED</sourceObjName>
<createdBy>duarte</createdBy>
<createdTime>2023-03-18 16:52:37 UTC</createdTime>
<ownerDesignName>dataModelerDesignSQL21c</ownerDesignName>
<nullsAllowed>true</nullsAllowed>
<useDomainConstraints>false</useDomainConstraints>
<use>1</use>
<logicalDatatype>LOGDT019</logicalDatatype>
<dataTypePrecision>1</dataTypePrecision>
<dataTypeScale>0</dataTypeScale>
<ownDataTypeParameters>,1,0</ownDataTypeParameters>
<autoIncrementCycle>false</autoIncrementCycle>
</Column>
<Column name="CALL_ACCEPTED_DATE" id="BD66059E-AD3B-02E2-8639-EE20240C8DE3">
<sourceConnName>ANONYMOUS - LOCALHOST</sourceConnName>
<sourceObjSchema>CLIENT_CALL_HISTORY</sourceObjSchema>
<sourceObjName>CALL_ACCEPTED_DATE</sourceObjName>
<createdBy>duarte</createdBy>
<createdTime>2023-03-18 16:52:37 UTC</createdTime>
<ownerDesignName>dataModelerDesignSQL21c</ownerDesignName>
<nullsAllowed>true</nullsAllowed>
<useDomainConstraints>false</useDomainConstraints>
<use>1</use>
<logicalDatatype>LOGDT007</logicalDatatype>
<dataTypeSize>7</dataTypeSize>
<ownDataTypeParameters>7,,</ownDataTypeParameters>
<autoIncrementCycle>false</autoIncrementCycle>
</Column>
<Column name="CALL_COMPLETED_DATE" id="A8B903BB-4E53-A1F8-644E-338E49B0D2AD">
<sourceConnName>ANONYMOUS - LOCALHOST</sourceConnName>
<sourceObjSchema>CLIENT_CALL_HISTORY</sourceObjSchema>
<sourceObjName>CALL_COMPLETED_DATE</sourceObjName>
<createdBy>duarte</createdBy>
<createdTime>2023-03-18 16:52:37 UTC</createdTime>
<ownerDesignName>dataModelerDesignSQL21c</ownerDesignName>
<nullsAllowed>true</nullsAllowed>
<useDomainConstraints>false</useDomainConstraints>
<use>1</use>
<logicalDatatype>LOGDT007</logicalDatatype>
<dataTypeSize>7</dataTypeSize>
<ownDataTypeParameters>7,,</ownDataTypeParameters>
<autoIncrementCycle>false</autoIncrementCycle>
</Column>
<Column name="CALL_ATTEMPTED_SECONDS" id="507F8670-0EF2-469D-0EF2-ECEFE11BE2DC">
<sourceConnName>ANONYMOUS - LOCALHOST</sourceConnName>
<sourceObjSchema>CLIENT_CALL_HISTORY</sourceObjSchema>
<sourceObjName>CALL_ATTEMPTED_SECONDS</sourceObjName>
<createdBy>duarte</createdBy>
<createdTime>2023-03-18 16:52:37 UTC</createdTime>
<ownerDesignName>dataModelerDesignSQL21c</ownerDesignName>
<nullsAllowed>true</nullsAllowed>
<useDomainConstraints>false</useDomainConstraints>
<use>1</use>
<logicalDatatype>LOGDT019</logicalDatatype>
<dataTypePrecision>10</dataTypePrecision>
<dataTypeScale>0</dataTypeScale>
<ownDataTypeParameters>,10,0</ownDataTypeParameters>
<autoIncrementCycle>false</autoIncrementCycle>
</Column>
<Column name="CREATION_DATE" id="1A06A94B-6BA4-5B65-1F97-CB7BC734899D">
<sourceConnName>ANONYMOUS - LOCALHOST</sourceConnName>
<sourceObjSchema>CLIENT_CALL_HISTORY</sourceObjSchema>
<sourceObjName>CREATION_DATE</sourceObjName>
<createdBy>duarte</createdBy>
<createdTime>2023-03-18 16:52:37 UTC</createdTime>
<ownerDesignName>dataModelerDesignSQL21c</ownerDesignName>
<nullsAllowed>true</nullsAllowed>
<useDomainConstraints>false</useDomainConstraints>
<use>1</use>
<logicalDatatype>LOGDT007</logicalDatatype>
<dataTypeSize>7</dataTypeSize>
<defaultValue>SYSDATE</defaultValue>
<ownDataTypeParameters>7,,</ownDataTypeParameters>
<autoIncrementCycle>false</autoIncrementCycle>
</Column>
</columns>
<indexes itemClass="oracle.dbtools.crest.model.design.relational.Index">
<ind_PK_UK id="B6DD3E50-5DD1-1DEA-5CD2-2064DA70A0BD" schemaObject="C52E648C-C853-A179-77E4-7B8885A66D72" name="CLIENT_CALL_HISTORY_PK">
<sourceConnName>ANONYMOUS - LOCALHOST</sourceConnName>
<sourceObjSchema>ANONYMOUS</sourceObjSchema>
<sourceObjName>SYS_C008558</sourceObjName>
<createdBy>duarte</createdBy>
<createdTime>2023-03-18 16:52:41 UTC</createdTime>
<ownerDesignName>dataModelerDesignSQL21c</ownerDesignName>
<pk>true</pk>
<indexState>Primary Constraint</indexState>
<isSurrogateKey>false</isSurrogateKey>
<indexColumnUsage>
<colUsage columnID="3A311F39-3302-B3AF-8CA3-909F0D7362F8"/>
</indexColumnUsage>
</ind_PK_UK>
<ind_PK_UK id="F526FC74-ADBC-33A2-DD83-98B19034DF1D" name="FK_CLIENT_CALL_HISTORY_ID_CALL">
<createdBy>duarte</createdBy>
<createdTime>2023-03-18 16:52:42 UTC</createdTime>
<ownerDesignName>dataModelerDesignSQL21c</ownerDesignName>
<indexState>Foreign Key</indexState>
<isSurrogateKey>false</isSurrogateKey>
<indexColumnUsage>
<colUsage columnID="74D05AD8-CC34-71E9-3272-1975DD0CA731"/>
</indexColumnUsage>
</ind_PK_UK>
<ind_PK_UK id="7D672CC1-BC17-9A6C-3C53-BFCA505661EA" name="FK_CLIENT_CALL_HISTORY_ID_STATUS_TYPE">
<createdBy>duarte</createdBy>
<createdTime>2023-03-18 16:52:42 UTC</createdTime>
<ownerDesignName>dataModelerDesignSQL21c</ownerDesignName>
<indexState>Foreign Key</indexState>
<isSurrogateKey>false</isSurrogateKey>
<indexColumnUsage>
<colUsage columnID="94993A29-6566-84C7-D49E-273FBEECC230"/>
</indexColumnUsage>
</ind_PK_UK>
</indexes>
</Table>