<?xml version = '1.0' encoding = 'UTF-8'?>
<FKIndexAssociation class="oracle.dbtools.crest.model.design.relational.FKIndexAssociation" directorySegmentName="seg_0" id="0F8FE0B6-093E-4332-52A2-C1BAD5F60702" containerWithKeyObject="31A2CF78-C9C0-B50E-EE59-E4767B1E0AAC" localFKIndex="D9EF3BED-BFE9-F7DD-FF26-D04F5B881BEC" name="FK_PLAN_ID_PLAN_TYPE">
<sourceConnName>ANONYMOUS - LOCALHOST</sourceConnName>
<sourceObjSchema>ANONYMOUS</sourceObjSchema>
<sourceObjName>FK_PLAN_ID_PLAN_TYPE</sourceObjName>
<createdBy>duarte</createdBy>
<createdTime>2023-03-18 16:52:42 UTC</createdTime>
<ownerDesignName>dataModelerDesignSQL21c</ownerDesignName>
<referredTableLongName>ANONYMOUS.PLAN_TYPE</referredTableLongName>
<deleteRule>NO ACTION</deleteRule>
<referredTableID>AE4881E8-454A-0F03-4F24-503D2066D83A</referredTableID>
<keyObject>1A74F87F-5B3F-93A5-3295-E91327C800A0</keyObject>
<referredKeyID>1A74F87F-5B3F-93A5-3295-E91327C800A0</referredKeyID>
<mandatory>false</mandatory>
<refColNames>ID_PLAN_TYPE</refColNames>
<transferable>true</transferable>
<rely>false</rely>
<columnDependencyConstraintGenerateInDDL>true</columnDependencyConstraintGenerateInDDL>
</FKIndexAssociation>