<?xml version = '1.0' encoding = 'UTF-8'?>
<FKIndexAssociation class="oracle.dbtools.crest.model.design.relational.FKIndexAssociation" directorySegmentName="seg_0" id="14319314-1802-B01C-5356-12D9C1939F46" containerWithKeyObject="5C42CAA6-AF3C-D39C-0C8A-1F6AA62F2EAC" localFKIndex="2D8588EA-5CED-7CB2-E775-630E7A79AD99" name="FK_NOTIFICATION_ID_CLIENT">
<sourceConnName>ANONYMOUS - LOCALHOST</sourceConnName>
<sourceObjSchema>ANONYMOUS</sourceObjSchema>
<sourceObjName>FK_NOTIFICATION_ID_CLIENT</sourceObjName>
<createdBy>duarte</createdBy>
<createdTime>2023-03-18 16:52:42 UTC</createdTime>
<ownerDesignName>dataModelerDesignSQL21c</ownerDesignName>
<referredTableLongName>ANONYMOUS.CLIENT</referredTableLongName>
<deleteRule>NO ACTION</deleteRule>
<referredTableID>F1DB4BEE-7F3A-2151-A2C1-571DD64C1C91</referredTableID>
<keyObject>CBC0F279-0FF4-57A6-E13E-A9D3AC600F53</keyObject>
<referredKeyID>CBC0F279-0FF4-57A6-E13E-A9D3AC600F53</referredKeyID>
<mandatory>false</mandatory>
<refColNames>ID_CLIENT</refColNames>
<transferable>true</transferable>
<rely>false</rely>
<columnDependencyConstraintGenerateInDDL>true</columnDependencyConstraintGenerateInDDL>
</FKIndexAssociation>