<?xml version = '1.0' encoding = 'UTF-8'?>
<FKIndexAssociation class="oracle.dbtools.crest.model.design.relational.FKIndexAssociation" directorySegmentName="seg_0" id="168B48AB-5B90-95AE-04C7-C0B5D6405573" containerWithKeyObject="43A4782A-B48C-0758-B448-3BB085711B45" localFKIndex="3395A0E4-DA53-3DF6-A9F4-BA1F6D419166" name="FK_SMS_ID_STATUS_TYPE">
<sourceConnName>ANONYMOUS - LOCALHOST</sourceConnName>
<sourceObjSchema>ANONYMOUS</sourceObjSchema>
<sourceObjName>FK_SMS_ID_STATUS_TYPE</sourceObjName>
<createdBy>duarte</createdBy>
<createdTime>2023-03-18 16:52:42 UTC</createdTime>
<ownerDesignName>dataModelerDesignSQL21c</ownerDesignName>
<referredTableLongName>ANONYMOUS.SMS_STATUS_TYPE</referredTableLongName>
<deleteRule>NO ACTION</deleteRule>
<referredTableID>102FCA63-A1E0-67A3-77EF-DB95FDB34D0B</referredTableID>
<keyObject>03D75C36-B9DD-4BB8-5BC2-6F5F92F90295</keyObject>
<referredKeyID>03D75C36-B9DD-4BB8-5BC2-6F5F92F90295</referredKeyID>
<mandatory>false</mandatory>
<refColNames>ID_SMS_STATUS_TYPE</refColNames>
<transferable>true</transferable>
<rely>false</rely>
<columnDependencyConstraintGenerateInDDL>true</columnDependencyConstraintGenerateInDDL>
</FKIndexAssociation>