<?xml version = '1.0' encoding = 'UTF-8'?>
<FKIndexAssociation class="oracle.dbtools.crest.model.design.relational.FKIndexAssociation" directorySegmentName="seg_0" id="35F4CAFA-336D-5660-596D-E1A0270B1FC8" containerWithKeyObject="6C29F097-A03E-4402-2A3B-25C7D60BDD84" localFKIndex="0FFED8E3-8F50-2C6C-4302-0C4D3E15AC9E" name="FK_INVOICE_ID_CONTRACT">
<sourceConnName>ANONYMOUS - LOCALHOST</sourceConnName>
<sourceObjSchema>ANONYMOUS</sourceObjSchema>
<sourceObjName>FK_INVOICE_ID_CONTRACT</sourceObjName>
<createdBy>duarte</createdBy>
<createdTime>2023-03-18 16:52:42 UTC</createdTime>
<ownerDesignName>dataModelerDesignSQL21c</ownerDesignName>
<referredTableLongName>ANONYMOUS.CONTRACT</referredTableLongName>
<deleteRule>NO ACTION</deleteRule>
<referredTableID>8509F734-46BB-B60A-782B-C9B77195A729</referredTableID>
<keyObject>71A414E6-33DE-7C7E-A318-353A49601FCF</keyObject>
<referredKeyID>71A414E6-33DE-7C7E-A318-353A49601FCF</referredKeyID>
<mandatory>false</mandatory>
<refColNames>ID_CONTRACT</refColNames>
<transferable>true</transferable>
<rely>false</rely>
<columnDependencyConstraintGenerateInDDL>true</columnDependencyConstraintGenerateInDDL>
</FKIndexAssociation>