<?xml version = '1.0' encoding = 'UTF-8'?>
<FKIndexAssociation class="oracle.dbtools.crest.model.design.relational.FKIndexAssociation" directorySegmentName="seg_0" id="44E0F5CA-E55F-A408-ADDB-BDCF1E191770" containerWithKeyObject="8509F734-46BB-B60A-782B-C9B77195A729" localFKIndex="80B08A51-97E1-AB52-C9EF-1DBC12B41467" name="FK_CONTRACT_ID_CLIENT">
<sourceConnName>ANONYMOUS - LOCALHOST</sourceConnName>
<sourceObjSchema>ANONYMOUS</sourceObjSchema>
<sourceObjName>FK_CONTRACT_ID_CLIENT</sourceObjName>
<createdBy>duarte</createdBy>
<createdTime>2023-03-18 16:52:42 UTC</createdTime>
<ownerDesignName>dataModelerDesignSQL21c</ownerDesignName>
<referredTableLongName>ANONYMOUS.CLIENT</referredTableLongName>
<deleteRule>NO ACTION</deleteRule>
<referredTableID>F1DB4BEE-7F3A-2151-A2C1-571DD64C1C91</referredTableID>
<keyObject>CBC0F279-0FF4-57A6-E13E-A9D3AC600F53</keyObject>
<referredKeyID>CBC0F279-0FF4-57A6-E13E-A9D3AC600F53</referredKeyID>
<mandatory>false</mandatory>
<refColNames>ID_CLIENT</refColNames>
<transferable>true</transferable>
<rely>false</rely>
<columnDependencyConstraintGenerateInDDL>true</columnDependencyConstraintGenerateInDDL>
</FKIndexAssociation>