<?xml version = '1.0' encoding = 'UTF-8'?>
<FKIndexAssociation class="oracle.dbtools.crest.model.design.relational.FKIndexAssociation" directorySegmentName="seg_0" id="62C607EA-5B0D-B89F-BCCD-C9C7E6E0F63F" containerWithKeyObject="C93A8216-36DE-2E34-FC08-93C3AFF5AAC6" localFKIndex="E85BBC99-2D48-FE1D-BDC5-30B53CCD17FD" name="FK_CLIENT_CAMPAIGN_ID_CLIENT_GROUP_OWNER">
<sourceConnName>ANONYMOUS - LOCALHOST</sourceConnName>
<sourceObjSchema>ANONYMOUS</sourceObjSchema>
<sourceObjName>FK_CLIENT_CAMPAIGN_ID_CLIENT_GROUP_OWNER</sourceObjName>
<createdBy>duarte</createdBy>
<createdTime>2023-03-18 16:52:42 UTC</createdTime>
<ownerDesignName>dataModelerDesignSQL21c</ownerDesignName>
<referredTableLongName>ANONYMOUS.CLIENT</referredTableLongName>
<deleteRule>NO ACTION</deleteRule>
<referredTableID>F1DB4BEE-7F3A-2151-A2C1-571DD64C1C91</referredTableID>
<keyObject>CBC0F279-0FF4-57A6-E13E-A9D3AC600F53</keyObject>
<referredKeyID>CBC0F279-0FF4-57A6-E13E-A9D3AC600F53</referredKeyID>
<mandatory>false</mandatory>
<refColNames>ID_CLIENT</refColNames>
<transferable>true</transferable>
<rely>false</rely>
<columnDependencyConstraintGenerateInDDL>true</columnDependencyConstraintGenerateInDDL>
</FKIndexAssociation>