<?xml version = '1.0' encoding = 'UTF-8'?>
<FKIndexAssociation class="oracle.dbtools.crest.model.design.relational.FKIndexAssociation" directorySegmentName="seg_0" id="650FA24D-FE61-823D-359F-976BF44A0D16" containerWithKeyObject="316027E4-CFB6-4287-C544-329145E6C518" localFKIndex="7DF99328-CA98-2FF9-6D49-379139FE8343" name="FK_BUNDLE_CONTRACT_ID_CONTRACT">
<sourceConnName>ANONYMOUS - LOCALHOST</sourceConnName>
<sourceObjSchema>ANONYMOUS</sourceObjSchema>
<sourceObjName>FK_BUNDLE_CONTRACT_ID_CONTRACT</sourceObjName>
<createdBy>duarte</createdBy>
<createdTime>2023-03-18 16:52:42 UTC</createdTime>
<ownerDesignName>dataModelerDesignSQL21c</ownerDesignName>
<referredTableLongName>ANONYMOUS.CONTRACT</referredTableLongName>
<deleteRule>NO ACTION</deleteRule>
<referredTableID>8509F734-46BB-B60A-782B-C9B77195A729</referredTableID>
<keyObject>71A414E6-33DE-7C7E-A318-353A49601FCF</keyObject>
<referredKeyID>71A414E6-33DE-7C7E-A318-353A49601FCF</referredKeyID>
<mandatory>false</mandatory>
<refColNames>ID_CONTRACT</refColNames>
<transferable>true</transferable>
<rely>false</rely>
<columnDependencyConstraintGenerateInDDL>true</columnDependencyConstraintGenerateInDDL>
</FKIndexAssociation>