<?xml version = '1.0' encoding = 'UTF-8'?>
<FKIndexAssociation class="oracle.dbtools.crest.model.design.relational.FKIndexAssociation" directorySegmentName="seg_0" id="65681A87-91E1-1A17-8092-8386F58E1F3D" containerWithKeyObject="ACDBE859-7A11-3CAD-42D4-9B18D50DAFF5" localFKIndex="F526FC74-ADBC-33A2-DD83-98B19034DF1D" name="FK_CLIENT_CALL_HISTORY_ID_CALL">
<sourceConnName>ANONYMOUS - LOCALHOST</sourceConnName>
<sourceObjSchema>ANONYMOUS</sourceObjSchema>
<sourceObjName>FK_CLIENT_CALL_HISTORY_ID_CALL</sourceObjName>
<createdBy>duarte</createdBy>
<createdTime>2023-03-18 16:52:42 UTC</createdTime>
<ownerDesignName>dataModelerDesignSQL21c</ownerDesignName>
<referredTableLongName>ANONYMOUS.CLIENT_CALL</referredTableLongName>
<deleteRule>NO ACTION</deleteRule>
<referredTableID>B5977745-F526-57DD-EDD1-0FFA71BB59D3</referredTableID>
<keyObject>DDEE4FBB-4767-67E4-77A5-196530CBCC32</keyObject>
<referredKeyID>DDEE4FBB-4767-67E4-77A5-196530CBCC32</referredKeyID>
<mandatory>false</mandatory>
<refColNames>ID_CALL</refColNames>
<transferable>true</transferable>
<rely>false</rely>
<columnDependencyConstraintGenerateInDDL>true</columnDependencyConstraintGenerateInDDL>
</FKIndexAssociation>