<?xml version = '1.0' encoding = 'UTF-8'?>
<FKIndexAssociation class="oracle.dbtools.crest.model.design.relational.FKIndexAssociation" directorySegmentName="seg_0" id="6F578142-EAF5-9F89-B3D9-3D3351A667BA" containerWithKeyObject="8509F734-46BB-B60A-782B-C9B77195A729" localFKIndex="31936FFC-D922-2D41-159A-6D94240FE2C5" name="FK_CONTRACT_ID_PLAN">
<sourceConnName>ANONYMOUS - LOCALHOST</sourceConnName>
<sourceObjSchema>ANONYMOUS</sourceObjSchema>
<sourceObjName>FK_CONTRACT_ID_PLAN</sourceObjName>
<createdBy>duarte</createdBy>
<createdTime>2023-03-18 16:52:42 UTC</createdTime>
<ownerDesignName>dataModelerDesignSQL21c</ownerDesignName>
<referredTableLongName>ANONYMOUS.PLAN</referredTableLongName>
<deleteRule>NO ACTION</deleteRule>
<referredTableID>31A2CF78-C9C0-B50E-EE59-E4767B1E0AAC</referredTableID>
<keyObject>8AF2B280-8C87-E205-DB81-F6BC40B78D2C</keyObject>
<referredKeyID>8AF2B280-8C87-E205-DB81-F6BC40B78D2C</referredKeyID>
<mandatory>false</mandatory>
<refColNames>ID_PLAN</refColNames>
<transferable>true</transferable>
<rely>false</rely>
<columnDependencyConstraintGenerateInDDL>true</columnDependencyConstraintGenerateInDDL>
</FKIndexAssociation>