<?xml version = '1.0' encoding = 'UTF-8'?>
<FKIndexAssociation class="oracle.dbtools.crest.model.design.relational.FKIndexAssociation" directorySegmentName="seg_0" id="8D52A123-21E3-7F12-9A15-73E379942BB7" containerWithKeyObject="909E37B7-F0BD-0843-0A33-75215F63BAFA" localFKIndex="A9FBF557-21E0-4497-5FA9-A359B3CE2E29" name="FK_BUNDLE_ID_COMMUNICATION_TYPE">
<sourceConnName>ANONYMOUS - LOCALHOST</sourceConnName>
<sourceObjSchema>ANONYMOUS</sourceObjSchema>
<sourceObjName>FK_BUNDLE_ID_COMMUNICATION_TYPE</sourceObjName>
<createdBy>duarte</createdBy>
<createdTime>2023-03-18 16:52:42 UTC</createdTime>
<ownerDesignName>dataModelerDesignSQL21c</ownerDesignName>
<referredTableLongName>ANONYMOUS.COMMUNICATION_TYPE</referredTableLongName>
<deleteRule>NO ACTION</deleteRule>
<referredTableID>030FEF0B-D112-035D-E51E-72DAFAA3E915</referredTableID>
<keyObject>A3518FB4-44C6-ABDF-F382-9C0AEE5E445D</keyObject>
<referredKeyID>A3518FB4-44C6-ABDF-F382-9C0AEE5E445D</referredKeyID>
<mandatory>false</mandatory>
<refColNames>ID_COMMUNICATION_TYPE</refColNames>
<transferable>true</transferable>
<rely>false</rely>
<columnDependencyConstraintGenerateInDDL>true</columnDependencyConstraintGenerateInDDL>
</FKIndexAssociation>