<?xml version = '1.0' encoding = 'UTF-8'?>
<FKIndexAssociation class="oracle.dbtools.crest.model.design.relational.FKIndexAssociation" directorySegmentName="seg_0" id="B6C6991E-1074-E446-87A8-F8ECDB4AE9A4" containerWithKeyObject="ACDBE859-7A11-3CAD-42D4-9B18D50DAFF5" localFKIndex="7D672CC1-BC17-9A6C-3C53-BFCA505661EA" name="FK_CLIENT_CALL_HISTORY_ID_STATUS_TYPE">
<sourceConnName>ANONYMOUS - LOCALHOST</sourceConnName>
<sourceObjSchema>ANONYMOUS</sourceObjSchema>
<sourceObjName>FK_CLIENT_CALL_HISTORY_ID_STATUS_TYPE</sourceObjName>
<createdBy>duarte</createdBy>
<createdTime>2023-03-18 16:52:42 UTC</createdTime>
<ownerDesignName>dataModelerDesignSQL21c</ownerDesignName>
<referredTableLongName>ANONYMOUS.CALL_STATUS_TYPE</referredTableLongName>
<deleteRule>NO ACTION</deleteRule>
<referredTableID>8624F88D-F58B-B9D1-63EC-467F4EA7E166</referredTableID>
<keyObject>AED1DDD0-DCB4-4D62-C1F7-98E513FCC105</keyObject>
<referredKeyID>AED1DDD0-DCB4-4D62-C1F7-98E513FCC105</referredKeyID>
<mandatory>false</mandatory>
<refColNames>ID_CALL_STATUS_TYPE</refColNames>
<transferable>true</transferable>
<rely>false</rely>
<columnDependencyConstraintGenerateInDDL>true</columnDependencyConstraintGenerateInDDL>
</FKIndexAssociation>