<?xml version = '1.0' encoding = 'UTF-8'?>
<FKIndexAssociation class="oracle.dbtools.crest.model.design.relational.FKIndexAssociation" directorySegmentName="seg_0" id="D8ACBBAD-2310-2E74-D813-CAF617DFC43C" containerWithKeyObject="C93A8216-36DE-2E34-FC08-93C3AFF5AAC6" localFKIndex="5613DBEA-4C4C-695F-4AF6-B87A00F5B6D2" name="FK_CLIENT_CAMPAIGN_ID_CAMPAIGN">
<sourceConnName>ANONYMOUS - LOCALHOST</sourceConnName>
<sourceObjSchema>ANONYMOUS</sourceObjSchema>
<sourceObjName>FK_CLIENT_CAMPAIGN_ID_CAMPAIGN</sourceObjName>
<createdBy>duarte</createdBy>
<createdTime>2023-03-18 16:52:42 UTC</createdTime>
<ownerDesignName>dataModelerDesignSQL21c</ownerDesignName>
<referredTableLongName>ANONYMOUS.CAMPAIGN</referredTableLongName>
<deleteRule>NO ACTION</deleteRule>
<referredTableID>4BECC0A8-70CB-D4D7-E538-642BE5E2B3C2</referredTableID>
<keyObject>714D2283-884E-94E7-D554-F1735DBAA86C</keyObject>
<referredKeyID>714D2283-884E-94E7-D554-F1735DBAA86C</referredKeyID>
<mandatory>false</mandatory>
<refColNames>ID_CAMPAIGN</refColNames>
<transferable>true</transferable>
<rely>false</rely>
<columnDependencyConstraintGenerateInDDL>true</columnDependencyConstraintGenerateInDDL>
</FKIndexAssociation>