<?xml version = '1.0' encoding = 'UTF-8'?>
<FKIndexAssociation class="oracle.dbtools.crest.model.design.relational.FKIndexAssociation" directorySegmentName="seg_0" id="E6F8C3F8-DD5E-C432-D1F7-3A26BDB4B361" containerWithKeyObject="72BF9F7F-BEDA-CF3F-8D8F-DC87944BF82D" localFKIndex="2576F8BD-A448-4F09-B997-0F9F3BA0659F" name="FK_SMS_HISTORY_ID_STATUS_TYPE">
<sourceConnName>ANONYMOUS - LOCALHOST</sourceConnName>
<sourceObjSchema>ANONYMOUS</sourceObjSchema>
<sourceObjName>FK_SMS_HISTORY_ID_STATUS_TYPE</sourceObjName>
<createdBy>duarte</createdBy>
<createdTime>2023-03-18 16:52:42 UTC</createdTime>
<ownerDesignName>dataModelerDesignSQL21c</ownerDesignName>
<referredTableLongName>ANONYMOUS.SMS_STATUS_TYPE</referredTableLongName>
<deleteRule>NO ACTION</deleteRule>
<referredTableID>102FCA63-A1E0-67A3-77EF-DB95FDB34D0B</referredTableID>
<keyObject>03D75C36-B9DD-4BB8-5BC2-6F5F92F90295</keyObject>
<referredKeyID>03D75C36-B9DD-4BB8-5BC2-6F5F92F90295</referredKeyID>
<mandatory>false</mandatory>
<refColNames>ID_SMS_STATUS_TYPE</refColNames>
<transferable>true</transferable>
<rely>false</rely>
<columnDependencyConstraintGenerateInDDL>true</columnDependencyConstraintGenerateInDDL>
</FKIndexAssociation>