<?xml version = '1.0' encoding = 'UTF-8'?>
<FKIndexAssociation class="oracle.dbtools.crest.model.design.relational.FKIndexAssociation" directorySegmentName="seg_0" id="F6F9E7A2-822B-5D40-DCD2-BC930E0E0A16" containerWithKeyObject="947ED4BC-6D62-83BF-A828-AFA5CE0B7698" localFKIndex="66964CD5-591A-26FB-6E74-4878C9160C0F" name="FK_TARRIF_ID_COMMUNICATION_TYPE">
<sourceConnName>ANONYMOUS - LOCALHOST</sourceConnName>
<sourceObjSchema>ANONYMOUS</sourceObjSchema>
<sourceObjName>FK_TARRIF_ID_COMMUNICATION_TYPE</sourceObjName>
<createdBy>duarte</createdBy>
<createdTime>2023-03-18 16:52:42 UTC</createdTime>
<ownerDesignName>dataModelerDesignSQL21c</ownerDesignName>
<referredTableLongName>ANONYMOUS.COMMUNICATION_TYPE</referredTableLongName>
<deleteRule>NO ACTION</deleteRule>
<referredTableID>030FEF0B-D112-035D-E51E-72DAFAA3E915</referredTableID>
<keyObject>A3518FB4-44C6-ABDF-F382-9C0AEE5E445D</keyObject>
<referredKeyID>A3518FB4-44C6-ABDF-F382-9C0AEE5E445D</referredKeyID>
<mandatory>false</mandatory>
<refColNames>ID_COMMUNICATION_TYPE</refColNames>
<transferable>true</transferable>
<rely>false</rely>
<columnDependencyConstraintGenerateInDDL>true</columnDependencyConstraintGenerateInDDL>
</FKIndexAssociation>